"10","{rice,sugar} => {whole milk}",0.00122013218098627,1,3.91364902506964
"16","{canned fish,hygiene articles} => {whole milk}",0.00111845449923742,1,3.91364902506964
"33","{root vegetables,butter,rice} => {whole milk}",0.00101677681748856,1,3.91364902506964
"60","{root vegetables,whipped/sour cream,flour} => {whole milk}",0.00172852058973055,1,3.91364902506964
"62","{butter,soft cheese,domestic eggs} => {whole milk}",0.00101677681748856,1,3.91364902506964
"68","{citrus fruit,root vegetables,soft cheese} => {other vegetables}",0.00101677681748856,1,5.16815554387809
"126","{pip fruit,butter,hygiene articles} => {whole milk}",0.00101677681748856,1,3.91364902506964
"133","{root vegetables,whipped/sour cream,hygiene articles} => {whole milk}",0.00101677681748856,1,3.91364902506964
"135","{pip fruit,root vegetables,hygiene articles} => {whole milk}",0.00101677681748856,1,3.91364902506964
"143","{cream cheese ,domestic eggs,sugar} => {whole milk}",0.00111845449923742,1,3.91364902506964
"146","{curd,domestic eggs,sugar} => {whole milk}",0.00101677681748856,1,3.91364902506964
"169","{cream cheese ,domestic eggs,napkins} => {whole milk}",0.00111845449923742,1,3.91364902506964
"228","{pip fruit,whipped/sour cream,brown bread} => {other vegetables}",0.00111845449923742,1,5.16815554387809
"264","{tropical fruit,grapes,whole milk,yogurt} => {other vegetables}",0.00101677681748856,1,5.16815554387809
"269","{ham,tropical fruit,pip fruit,yogurt} => {other vegetables}",0.00101677681748856,1,5.16815554387809
"271","{ham,tropical fruit,pip fruit,whole milk} => {other vegetables}",0.00111845449923742,1,5.16815554387809
"276","{tropical fruit,root vegetables,yogurt,oil} => {whole milk}",0.00111845449923742,1,3.91364902506964
"279","{root vegetables,other vegetables,yogurt,oil} => {whole milk}",0.00142348754448399,1,3.91364902506964
"297","{root vegetables,other vegetables,butter,white bread} => {whole milk}",0.00101677681748856,1,3.91364902506964
"326","{pork,other vegetables,butter,whipped/sour cream} => {whole milk}",0.00101677681748856,1,3.91364902506964
"341","{other vegetables,butter,whipped/sour cream,domestic eggs} => {whole milk}",0.00122013218098627,1,3.91364902506964
"345","{tropical fruit,butter,whipped/sour cream,fruit/vegetable juice} => {other vegetables}",0.00101677681748856,1,5.16815554387809
"357","{whole milk,rolls/buns,soda,newspapers} => {other vegetables}",0.00101677681748856,1,5.16815554387809
"380","{citrus fruit,whipped/sour cream,rolls/buns,pastry} => {whole milk}",0.00101677681748856,1,3.91364902506964
"383","{citrus fruit,tropical fruit,root vegetables,whipped/sour cream} => {other vegetables}",0.00122013218098627,1,5.16815554387809
"386","{pip fruit,root vegetables,other vegetables,bottled water} => {whole milk}",0.00111845449923742,1,3.91364902506964
"396","{sausage,tropical fruit,root vegetables,rolls/buns} => {whole milk}",0.00101677681748856,1,3.91364902506964
"399","{tropical fruit,root vegetables,other vegetables,yogurt,oil} => {whole milk}",0.00101677681748856,1,3.91364902506964
"144","{other vegetables,cream cheese ,sugar} => {whole milk}",0.00152516522623284,0.9375,3.66904596100279
"395","{sausage,tropical fruit,root vegetables,yogurt} => {whole milk}",0.00152516522623284,0.9375,3.66904596100279
"149","{citrus fruit,domestic eggs,sugar} => {whole milk}",0.00142348754448399,0.933333333333333,3.652739090065
"151","{yogurt,domestic eggs,sugar} => {whole milk}",0.00142348754448399,0.933333333333333,3.652739090065
"280","{root vegetables,whole milk,yogurt,oil} => {other vegetables}",0.00142348754448399,0.933333333333333,4.82361184095288
"410","{citrus fruit,tropical fruit,root vegetables,whole milk,yogurt} => {other vegetables}",0.00142348754448399,0.933333333333333,4.82361184095288
"180","{pip fruit,whipped/sour cream,cream cheese } => {whole milk}",0.00132180986273513,0.928571428571429,3.63410266613609
"241","{butter,whipped/sour cream,soda} => {other vegetables}",0.00132180986273513,0.928571428571429,4.79900157645822
"242","{pip fruit,butter,pastry} => {other vegetables}",0.00132180986273513,0.928571428571429,4.79900157645822
"259","{root vegetables,other vegetables,yogurt,rice} => {whole milk}",0.00132180986273513,0.928571428571429,3.63410266613609
"260","{root vegetables,whole milk,yogurt,rice} => {other vegetables}",0.00132180986273513,0.928571428571429,4.79900157645822
"314","{beef,tropical fruit,yogurt,rolls/buns} => {whole milk}",0.00132180986273513,0.928571428571429,3.63410266613609
"7","{whipped/sour cream,house keeping products} => {whole milk}",0.00122013218098627,0.923076923076923,3.61259910006428
"13","{rice,bottled water} => {whole milk}",0.00122013218098627,0.923076923076923,3.61259910006428
"66","{tropical fruit,whipped/sour cream,soft cheese} => {other vegetables}",0.00122013218098627,0.923076923076923,4.77060511742593
"67","{root vegetables,whipped/sour cream,soft cheese} => {whole milk}",0.00122013218098627,0.923076923076923,3.61259910006428
"99","{butter,whipped/sour cream,sliced cheese} => {whole milk}",0.00122013218098627,0.923076923076923,3.61259910006428
"129","{tropical fruit,butter,hygiene articles} => {whole milk}",0.00122013218098627,0.923076923076923,3.61259910006428
"131","{tropical fruit,domestic eggs,hygiene articles} => {whole milk}",0.00122013218098627,0.923076923076923,3.61259910006428
"153","{root vegetables,whipped/sour cream,sugar} => {whole milk}",0.00122013218098627,0.923076923076923,3.61259910006428
"159","{tropical fruit,long life bakery product,napkins} => {whole milk}",0.00122013218098627,0.923076923076923,3.61259910006428
"184","{citrus fruit,root vegetables,cream cheese } => {other vegetables}",0.00122013218098627,0.923076923076923,4.77060511742593
"198","{butter,whipped/sour cream,coffee} => {whole milk}",0.00122013218098627,0.923076923076923,3.61259910006428
"267","{root vegetables,other vegetables,yogurt,hard cheese} => {whole milk}",0.00122013218098627,0.923076923076923,3.61259910006428
"330","{frankfurter,tropical fruit,root vegetables,yogurt} => {whole milk}",0.00122013218098627,0.923076923076923,3.61259910006428
"333","{pip fruit,root vegetables,other vegetables,brown bread} => {whole milk}",0.00122013218098627,0.923076923076923,3.61259910006428
"343","{tropical fruit,butter,yogurt,domestic eggs} => {whole milk}",0.00122013218098627,0.923076923076923,3.61259910006428
"358","{pip fruit,other vegetables,whipped/sour cream,domestic eggs} => {whole milk}",0.00122013218098627,0.923076923076923,3.61259910006428
"361","{citrus fruit,whole milk,whipped/sour cream,domestic eggs} => {other vegetables}",0.00122013218098627,0.923076923076923,4.77060511742593
"5","{soups,bottled beer} => {whole milk}",0.00111845449923742,0.916666666666667,3.58751160631383
"22","{grapes,onions} => {other vegetables}",0.00111845449923742,0.916666666666667,4.73747591522158
"24","{hard cheese,oil} => {other vegetables}",0.00111845449923742,0.916666666666667,4.73747591522158
"48","{citrus fruit,tropical fruit,herbs} => {whole milk}",0.00111845449923742,0.916666666666667,3.58751160631383
"150","{tropical fruit,domestic eggs,sugar} => {whole milk}",0.00111845449923742,0.916666666666667,3.58751160631383
"167","{tropical fruit,dessert,whipped/sour cream} => {other vegetables}",0.00111845449923742,0.916666666666667,4.73747591522158
"191","{root vegetables,butter,white bread} => {whole milk}",0.00111845449923742,0.916666666666667,3.58751160631383
"210","{butter,curd,domestic eggs} => {whole milk}",0.00111845449923742,0.916666666666667,3.58751160631383
"212","{citrus fruit,butter,curd} => {whole milk}",0.00111845449923742,0.916666666666667,3.58751160631383
"233","{domestic eggs,margarine,fruit/vegetable juice} => {whole milk}",0.00111845449923742,0.916666666666667,3.58751160631383
"290","{citrus fruit,whole milk,whipped/sour cream,cream cheese } => {other vegetables}",0.00111845449923742,0.916666666666667,4.73747591522158
"292","{pip fruit,other vegetables,yogurt,cream cheese } => {whole milk}",0.00111845449923742,0.916666666666667,3.58751160631383
"319","{tropical fruit,curd,yogurt,domestic eggs} => {whole milk}",0.00111845449923742,0.916666666666667,3.58751160631383
"344","{root vegetables,butter,yogurt,domestic eggs} => {whole milk}",0.00111845449923742,0.916666666666667,3.58751160631383
"362","{tropical fruit,yogurt,whipped/sour cream,domestic eggs} => {whole milk}",0.00111845449923742,0.916666666666667,3.58751160631383
"363","{tropical fruit,other vegetables,whipped/sour cream,domestic eggs} => {whole milk}",0.00111845449923742,0.916666666666667,3.58751160631383
"368","{tropical fruit,yogurt,whipped/sour cream,fruit/vegetable juice} => {other vegetables}",0.00111845449923742,0.916666666666667,4.73747591522158
"370","{pip fruit,root vegetables,yogurt,fruit/vegetable juice} => {whole milk}",0.00111845449923742,0.916666666666667,3.58751160631383
"397","{tropical fruit,root vegetables,rolls/buns,bottled water} => {whole milk}",0.00111845449923742,0.916666666666667,3.58751160631383
"2","{curd,cereals} => {whole milk}",0.00101677681748856,0.909090909090909,3.55786275006331
"8","{pastry,sweet spreads} => {whole milk}",0.00101677681748856,0.909090909090909,3.55786275006331
"46","{herbs,whole milk,fruit/vegetable juice} => {other vegetables}",0.00101677681748856,0.909090909090909,4.69832322170735
"77","{frankfurter,tropical fruit,frozen meals} => {other vegetables}",0.00101677681748856,0.909090909090909,4.69832322170735
"78","{frankfurter,tropical fruit,frozen meals} => {whole milk}",0.00101677681748856,0.909090909090909,3.55786275006331
"80","{tropical fruit,butter,frozen meals} => {whole milk}",0.00101677681748856,0.909090909090909,3.55786275006331
"84","{tropical fruit,whipped/sour cream,hard cheese} => {other vegetables}",0.00101677681748856,0.909090909090909,4.69832322170735
"88","{pork,whole milk,butter milk} => {other vegetables}",0.00101677681748856,0.909090909090909,4.69832322170735
"89","{pip fruit,butter milk,fruit/vegetable juice} => {other vegetables}",0.00101677681748856,0.909090909090909,4.69832322170735
"97","{frankfurter,root vegetables,sliced cheese} => {whole milk}",0.00101677681748856,0.909090909090909,3.55786275006331
"101","{yogurt,oil,coffee} => {other vegetables}",0.00101677681748856,0.909090909090909,4.69832322170735
"108","{root vegetables,onions,napkins} => {other vegetables}",0.00101677681748856,0.909090909090909,4.69832322170735
"118","{sausage,berries,butter} => {whole milk}",0.00101677681748856,0.909090909090909,3.55786275006331
"121","{hamburger meat,tropical fruit,whipped/sour cream} => {other vegetables}",0.00101677681748856,0.909090909090909,4.69832322170735
"123","{butter,hygiene articles,napkins} => {whole milk}",0.00101677681748856,0.909090909090909,3.55786275006331
"155","{pork,rolls/buns,waffles} => {whole milk}",0.00101677681748856,0.909090909090909,3.55786275006331
"158","{whipped/sour cream,long life bakery product,napkins} => {whole milk}",0.00101677681748856,0.909090909090909,3.55786275006331
"162","{sausage,butter,long life bakery product} => {whole milk}",0.00101677681748856,0.909090909090909,3.55786275006331
"174","{root vegetables,butter,cream cheese } => {yogurt}",0.00101677681748856,0.909090909090909,6.51669758812616
"175","{root vegetables,butter,cream cheese } => {whole milk}",0.00101677681748856,0.909090909090909,3.55786275006331
"183","{sausage,pip fruit,cream cheese } => {whole milk}",0.00101677681748856,0.909090909090909,3.55786275006331
"199","{root vegetables,domestic eggs,coffee} => {whole milk}",0.00101677681748856,0.909090909090909,3.55786275006331
"226","{domestic eggs,margarine,bottled beer} => {whole milk}",0.00101677681748856,0.909090909090909,3.55786275006331
"262","{tropical fruit,root vegetables,herbs,other vegetables} => {whole milk}",0.00101677681748856,0.909090909090909,3.55786275006331
"265","{tropical fruit,pip fruit,yogurt,frozen meals} => {whole milk}",0.00101677681748856,0.909090909090909,3.55786275006331
"272","{tropical fruit,butter,yogurt,sliced cheese} => {whole milk}",0.00101677681748856,0.909090909090909,3.55786275006331
"273","{tropical fruit,whole milk,butter,sliced cheese} => {yogurt}",0.00101677681748856,0.909090909090909,6.51669758812616
"275","{tropical fruit,root vegetables,yogurt,oil} => {other vegetables}",0.00101677681748856,0.909090909090909,4.69832322170735
"283","{root vegetables,other vegetables,yogurt,waffles} => {whole milk}",0.00101677681748856,0.909090909090909,3.55786275006331
"285","{other vegetables,curd,whipped/sour cream,cream cheese } => {yogurt}",0.00101677681748856,0.909090909090909,6.51669758812616
"291","{pip fruit,root vegetables,other vegetables,cream cheese } => {whole milk}",0.00101677681748856,0.909090909090909,3.55786275006331
"295","{tropical fruit,butter,yogurt,white bread} => {other vegetables}",0.00101677681748856,0.909090909090909,4.69832322170735
"296","{tropical fruit,other vegetables,butter,white bread} => {yogurt}",0.00101677681748856,0.909090909090909,6.51669758812616
"298","{root vegetables,whole milk,butter,white bread} => {other vegetables}",0.00101677681748856,0.909090909090909,4.69832322170735
"306","{citrus fruit,other vegetables,yogurt,frozen vegetables} => {whole milk}",0.00101677681748856,0.909090909090909,3.55786275006331
"322","{citrus fruit,tropical fruit,curd,yogurt} => {whole milk}",0.00101677681748856,0.909090909090909,3.55786275006331
"325","{other vegetables,butter,whipped/sour cream,napkins} => {whole milk}",0.00101677681748856,0.909090909090909,3.55786275006331
"327","{pork,root vegetables,other vegetables,butter} => {whole milk}",0.00101677681748856,0.909090909090909,3.55786275006331
"336","{root vegetables,other vegetables,rolls/buns,brown bread} => {whole milk}",0.00101677681748856,0.909090909090909,3.55786275006331
"351","{whole milk,butter,whipped/sour cream,soda} => {other vegetables}",0.00101677681748856,0.909090909090909,4.69832322170735
"353","{citrus fruit,other vegetables,butter,bottled water} => {whole milk}",0.00101677681748856,0.909090909090909,3.55786275006331
"365","{citrus fruit,tropical fruit,other vegetables,domestic eggs} => {whole milk}",0.00101677681748856,0.909090909090909,3.55786275006331
"369","{tropical fruit,whole milk,whipped/sour cream,fruit/vegetable juice} => {other vegetables}",0.00101677681748856,0.909090909090909,4.69832322170735
"373","{citrus fruit,other vegetables,soda,fruit/vegetable juice} => {root vegetables}",0.00101677681748856,0.909090909090909,8.34040027137042
"389","{tropical fruit,root vegetables,yogurt,pastry} => {whole milk}",0.00101677681748856,0.909090909090909,3.55786275006331
"400","{tropical fruit,root vegetables,whole milk,yogurt,oil} => {other vegetables}",0.00101677681748856,0.909090909090909,4.69832322170735
"401","{tropical fruit,other vegetables,whole milk,yogurt,oil} => {root vegetables}",0.00101677681748856,0.909090909090909,8.34040027137042
"403","{tropical fruit,other vegetables,butter,yogurt,domestic eggs} => {whole milk}",0.00101677681748856,0.909090909090909,3.55786275006331
"407","{citrus fruit,root vegetables,whole milk,yogurt,whipped/sour cream} => {other vegetables}",0.00101677681748856,0.909090909090909,4.69832322170735
"1","{liquor,red/blush wine} => {bottled beer}",0.00193187595322827,0.904761904761905,11.2352693602694
"253","{tropical fruit,whipped/sour cream,fruit/vegetable juice} => {other vegetables}",0.00193187595322827,0.904761904761905,4.67595025398494
"239","{pip fruit,butter,whipped/sour cream} => {whole milk}",0.00183019827147941,0.9,3.52228412256267
"248","{tropical fruit,whipped/sour cream,domestic eggs} => {whole milk}",0.00183019827147941,0.9,3.52228412256267
"354","{tropical fruit,root vegetables,butter,yogurt} => {whole milk}",0.00172852058973055,0.894736842105263,3.50168596979915
"96","{ham,tropical fruit,pip fruit} => {other vegetables}",0.0016268429079817,0.888888888888889,4.59391603900274
"116","{tropical fruit,root vegetables,onions} => {other vegetables}",0.0016268429079817,0.888888888888889,4.59391603900274
"178","{citrus fruit,cream cheese ,domestic eggs} => {whole milk}",0.0016268429079817,0.888888888888889,3.47879913339523
"236","{whipped/sour cream,rolls/buns,margarine} => {whole milk}",0.0016268429079817,0.888888888888889,3.47879913339523
"393","{citrus fruit,tropical fruit,root vegetables,whole milk} => {other vegetables}",0.00315200813421454,0.885714285714286,4.57750919600631
"52","{tropical fruit,root vegetables,herbs} => {whole milk}",0.00152516522623284,0.882352941176471,3.45321972800262
"93","{root vegetables,butter milk,yogurt} => {whole milk}",0.00152516522623284,0.882352941176471,3.45321972800262
"255","{citrus fruit,whipped/sour cream,pastry} => {whole milk}",0.00152516522623284,0.882352941176471,3.45321972800262
"257","{citrus fruit,root vegetables,pastry} => {other vegetables}",0.00152516522623284,0.882352941176471,4.56013724459831
"305","{whole milk,yogurt,whipped/sour cream,frozen vegetables} => {other vegetables}",0.00152516522623284,0.882352941176471,4.56013724459831
"309","{root vegetables,whole milk,yogurt,frozen vegetables} => {other vegetables}",0.00152516522623284,0.882352941176471,4.56013724459831
"315","{beef,tropical fruit,other vegetables,rolls/buns} => {whole milk}",0.00152516522623284,0.882352941176471,3.45321972800262
"35","{root vegetables,yogurt,rice} => {other vegetables}",0.00142348754448399,0.875,4.52213610089333
"36","{root vegetables,yogurt,rice} => {whole milk}",0.00142348754448399,0.875,3.42444289693593
"182","{tropical fruit,whipped/sour cream,cream cheese } => {other vegetables}",0.00142348754448399,0.875,4.52213610089333
"193","{root vegetables,whipped/sour cream,white bread} => {other vegetables}",0.00142348754448399,0.875,4.52213610089333
"206","{beef,tropical fruit,whipped/sour cream} => {other vegetables}",0.00142348754448399,0.875,4.52213610089333
"221","{pork,butter,whipped/sour cream} => {whole milk}",0.00142348754448399,0.875,3.42444289693593
"231","{pip fruit,root vegetables,brown bread} => {whole milk}",0.00142348754448399,0.875,3.42444289693593
"106","{root vegetables,onions,frozen vegetables} => {other vegetables}",0.00132180986273513,0.866666666666667,4.47906813802768
"202","{frozen vegetables,rolls/buns,margarine} => {whole milk}",0.00132180986273513,0.866666666666667,3.39182915506035
"261","{other vegetables,whole milk,yogurt,rice} => {root vegetables}",0.00132180986273513,0.866666666666667,7.9511815920398
"277","{tropical fruit,root vegetables,whole milk,oil} => {other vegetables}",0.00132180986273513,0.866666666666667,4.47906813802768
"278","{tropical fruit,other vegetables,whole milk,oil} => {root vegetables}",0.00132180986273513,0.866666666666667,7.9511815920398
"281","{root vegetables,onions,other vegetables,butter} => {whole milk}",0.00132180986273513,0.866666666666667,3.39182915506035
"346","{pip fruit,other vegetables,butter,whipped/sour cream} => {whole milk}",0.00132180986273513,0.866666666666667,3.39182915506035
"371","{pip fruit,root vegetables,other vegetables,fruit/vegetable juice} => {whole milk}",0.00132180986273513,0.866666666666667,3.39182915506035
"390","{citrus fruit,tropical fruit,other vegetables,bottled water} => {whole milk}",0.00132180986273513,0.866666666666667,3.39182915506035
"408","{tropical fruit,pip fruit,root vegetables,other vegetables,yogurt} => {whole milk}",0.00132180986273513,0.866666666666667,3.39182915506035
"15","{oil,mustard} => {whole milk}",0.00122013218098627,0.857142857142857,3.35455630720255
"21","{pickled vegetables,chocolate} => {whole milk}",0.00122013218098627,0.857142857142857,3.35455630720255
"26","{pork,butter milk} => {other vegetables}",0.00183019827147941,0.857142857142857,4.42984760903836
"41","{root vegetables,yogurt,frozen fish} => {whole milk}",0.00122013218098627,0.857142857142857,3.35455630720255
"42","{other vegetables,yogurt,frozen fish} => {whole milk}",0.00122013218098627,0.857142857142857,3.35455630720255
"43","{root vegetables,herbs,curd} => {whole milk}",0.00122013218098627,0.857142857142857,3.35455630720255
"59","{other vegetables,flour,sugar} => {whole milk}",0.00122013218098627,0.857142857142857,3.35455630720255
"75","{meat,root vegetables,yogurt} => {other vegetables}",0.00122013218098627,0.857142857142857,4.42984760903836
"90","{pip fruit,root vegetables,butter milk} => {other vegetables}",0.00122013218098627,0.857142857142857,4.42984760903836
"100","{sausage,pip fruit,sliced cheese} => {yogurt}",0.00122013218098627,0.857142857142857,6.14431486880467
"103","{tropical fruit,oil,fruit/vegetable juice} => {other vegetables}",0.00122013218098627,0.857142857142857,4.42984760903836
"112","{tropical fruit,onions,butter} => {whole milk}",0.00122013218098627,0.857142857142857,3.35455630720255
"128","{butter,bottled water,hygiene articles} => {whole milk}",0.00122013218098627,0.857142857142857,3.35455630720255
"136","{citrus fruit,root vegetables,hygiene articles} => {whole milk}",0.00122013218098627,0.857142857142857,3.35455630720255
"137","{root vegetables,yogurt,hygiene articles} => {whole milk}",0.00122013218098627,0.857142857142857,3.35455630720255
"142","{root vegetables,yogurt,salty snack} => {other vegetables}",0.00122013218098627,0.857142857142857,4.42984760903836
"160","{other vegetables,long life bakery product,napkins} => {whole milk}",0.00122013218098627,0.857142857142857,3.35455630720255
"176","{whipped/sour cream,cream cheese ,domestic eggs} => {whole milk}",0.00122013218098627,0.857142857142857,3.35455630720255
"186","{sausage,chicken,domestic eggs} => {whole milk}",0.00122013218098627,0.857142857142857,3.35455630720255
"238","{pip fruit,butter,domestic eggs} => {whole milk}",0.00122013218098627,0.857142857142857,3.35455630720255
"240","{butter,whipped/sour cream,bottled water} => {whole milk}",0.00122013218098627,0.857142857142857,3.35455630720255
"247","{whipped/sour cream,domestic eggs,pastry} => {other vegetables}",0.00122013218098627,0.857142857142857,4.42984760903836
"251","{root vegetables,domestic eggs,pastry} => {other vegetables}",0.00122013218098627,0.857142857142857,4.42984760903836
"284","{other vegetables,yogurt,whipped/sour cream,long life bakery product} => {whole milk}",0.00122013218098627,0.857142857142857,3.35455630720255
"303","{root vegetables,other vegetables,frozen vegetables,fruit/vegetable juice} => {whole milk}",0.00122013218098627,0.857142857142857,3.35455630720255
"318","{tropical fruit,whole milk,butter,curd} => {yogurt}",0.00122013218098627,0.857142857142857,6.14431486880467
"320","{root vegetables,other vegetables,curd,domestic eggs} => {whole milk}",0.00122013218098627,0.857142857142857,3.35455630720255
"324","{citrus fruit,other vegetables,curd,yogurt} => {whole milk}",0.00122013218098627,0.857142857142857,3.35455630720255
"334","{pip fruit,root vegetables,whole milk,brown bread} => {other vegetables}",0.00122013218098627,0.857142857142857,4.42984760903836
"335","{citrus fruit,root vegetables,other vegetables,brown bread} => {whole milk}",0.00122013218098627,0.857142857142857,3.35455630720255
"360","{citrus fruit,other vegetables,whipped/sour cream,domestic eggs} => {whole milk}",0.00122013218098627,0.857142857142857,3.35455630720255
"364","{pip fruit,root vegetables,other vegetables,domestic eggs} => {whole milk}",0.00122013218098627,0.857142857142857,3.35455630720255
"366","{citrus fruit,root vegetables,whole milk,domestic eggs} => {other vegetables}",0.00122013218098627,0.857142857142857,4.42984760903836
"387","{pip fruit,root vegetables,yogurt,soda} => {whole milk}",0.00122013218098627,0.857142857142857,3.35455630720255
"23","{meat,margarine} => {other vegetables}",0.00172852058973055,0.85,4.39293221229637
"105","{tropical fruit,root vegetables,oil} => {other vegetables}",0.00172852058973055,0.85,4.39293221229637
"113","{root vegetables,onions,butter} => {whole milk}",0.00172852058973055,0.85,3.32660167130919
"168","{root vegetables,curd,cream cheese } => {other vegetables}",0.00172852058973055,0.85,4.39293221229637
"192","{tropical fruit,whipped/sour cream,white bread} => {other vegetables}",0.00172852058973055,0.85,4.39293221229637
"379","{pip fruit,root vegetables,other vegetables,whipped/sour cream} => {whole milk}",0.00172852058973055,0.85,3.32660167130919
"12","{domestic eggs,rice} => {whole milk}",0.00111845449923742,0.846153846153846,3.31154917505892
"40","{pip fruit,whole milk,frozen fish} => {other vegetables}",0.00111845449923742,0.846153846153846,4.37305469097377
"51","{root vegetables,herbs,shopping bags} => {other vegetables}",0.00111845449923742,0.846153846153846,4.37305469097377
"58","{tropical fruit,yogurt,baking powder} => {whole milk}",0.00111845449923742,0.846153846153846,3.31154917505892
"70","{citrus fruit,grapes,fruit/vegetable juice} => {tropical fruit}",0.00111845449923742,0.846153846153846,8.06387895050686
"76","{curd,yogurt,frozen meals} => {whole milk}",0.00111845449923742,0.846153846153846,3.31154917505892
"81","{tropical fruit,root vegetables,frozen meals} => {whole milk}",0.00111845449923742,0.846153846153846,3.31154917505892
"92","{sausage,butter milk,yogurt} => {whole milk}",0.00111845449923742,0.846153846153846,3.31154917505892
"102","{citrus fruit,oil,fruit/vegetable juice} => {other vegetables}",0.00111845449923742,0.846153846153846,4.37305469097377
"107","{onions,curd,yogurt} => {whole milk}",0.00111845449923742,0.846153846153846,3.31154917505892
"110","{onions,butter,domestic eggs} => {whole milk}",0.00111845449923742,0.846153846153846,3.31154917505892
"140","{pip fruit,yogurt,salty snack} => {whole milk}",0.00111845449923742,0.846153846153846,3.31154917505892
"145","{beef,root vegetables,sugar} => {other vegetables}",0.00111845449923742,0.846153846153846,4.37305469097377
"152","{citrus fruit,whipped/sour cream,sugar} => {whole milk}",0.00111845449923742,0.846153846153846,3.31154917505892
"165","{tropical fruit,root vegetables,long life bakery product} => {other vegetables}",0.00111845449923742,0.846153846153846,4.37305469097377
"173","{butter,whipped/sour cream,cream cheese } => {whole milk}",0.00111845449923742,0.846153846153846,3.31154917505892
"177","{pip fruit,cream cheese ,domestic eggs} => {whole milk}",0.00111845449923742,0.846153846153846,3.31154917505892
"188","{tropical fruit,butter,white bread} => {yogurt}",0.00111845449923742,0.846153846153846,6.06554160125589
"189","{tropical fruit,butter,white bread} => {other vegetables}",0.00111845449923742,0.846153846153846,4.37305469097377
"200","{citrus fruit,frozen vegetables,napkins} => {whole milk}",0.00111845449923742,0.846153846153846,3.31154917505892
"217","{butter,bottled water,napkins} => {whole milk}",0.00111845449923742,0.846153846153846,3.31154917505892
"218","{butter,yogurt,napkins} => {whole milk}",0.00111845449923742,0.846153846153846,3.31154917505892
"220","{pork,rolls/buns,bottled beer} => {whole milk}",0.00111845449923742,0.846153846153846,3.31154917505892
"223","{pork,other vegetables,butter} => {whole milk}",0.00223690899847483,0.846153846153846,3.31154917505892
"225","{pork,pip fruit,soda} => {other vegetables}",0.00111845449923742,0.846153846153846,4.37305469097377
"232","{tropical fruit,butter,margarine} => {yogurt}",0.00111845449923742,0.846153846153846,6.06554160125589
"258","{root vegetables,pastry,shopping bags} => {other vegetables}",0.00111845449923742,0.846153846153846,4.37305469097377
"286","{curd,yogurt,whipped/sour cream,cream cheese } => {whole milk}",0.00111845449923742,0.846153846153846,3.31154917505892
"287","{whole milk,curd,whipped/sour cream,cream cheese } => {yogurt}",0.00111845449923742,0.846153846153846,6.06554160125589
"288","{citrus fruit,other vegetables,cream cheese ,domestic eggs} => {whole milk}",0.00111845449923742,0.846153846153846,3.31154917505892
"289","{citrus fruit,other vegetables,whipped/sour cream,cream cheese } => {whole milk}",0.00111845449923742,0.846153846153846,3.31154917505892
"300","{root vegetables,whole milk,whipped/sour cream,white bread} => {other vegetables}",0.00111845449923742,0.846153846153846,4.37305469097377
"310","{beef,tropical fruit,whole milk,whipped/sour cream} => {other vegetables}",0.00111845449923742,0.846153846153846,4.37305469097377
"323","{citrus fruit,root vegetables,whole milk,curd} => {other vegetables}",0.00111845449923742,0.846153846153846,4.37305469097377
"332","{tropical fruit,pip fruit,yogurt,brown bread} => {whole milk}",0.00111845449923742,0.846153846153846,3.31154917505892
"337","{other vegetables,yogurt,brown bread,soda} => {whole milk}",0.00111845449923742,0.846153846153846,3.31154917505892
"339","{root vegetables,yogurt,rolls/buns,margarine} => {whole milk}",0.00111845449923742,0.846153846153846,3.31154917505892
"340","{root vegetables,other vegetables,rolls/buns,margarine} => {whole milk}",0.00111845449923742,0.846153846153846,3.31154917505892
"342","{tropical fruit,butter,yogurt,domestic eggs} => {other vegetables}",0.00111845449923742,0.846153846153846,4.37305469097377
"347","{tropical fruit,root vegetables,butter,whipped/sour cream} => {other vegetables}",0.00111845449923742,0.846153846153846,4.37305469097377
"350","{root vegetables,butter,yogurt,whipped/sour cream} => {whole milk}",0.00111845449923742,0.846153846153846,3.31154917505892
"356","{tropical fruit,whole milk,soda,newspapers} => {other vegetables}",0.00111845449923742,0.846153846153846,4.37305469097377
"375","{tropical fruit,root vegetables,yogurt,fruit/vegetable juice} => {other vegetables}",0.00111845449923742,0.846153846153846,4.37305469097377
"392","{citrus fruit,tropical fruit,root vegetables,rolls/buns} => {other vegetables}",0.00111845449923742,0.846153846153846,4.37305469097377
"402","{beef,tropical fruit,root vegetables,other vegetables,rolls/buns} => {whole milk}",0.00111845449923742,0.846153846153846,3.31154917505892
"405","{tropical fruit,root vegetables,other vegetables,butter,yogurt} => {whole milk}",0.00111845449923742,0.846153846153846,3.31154917505892
"157","{root vegetables,rolls/buns,waffles} => {whole milk}",0.0016268429079817,0.842105263157895,3.29570444216391
"203","{citrus fruit,frozen vegetables,fruit/vegetable juice} => {whole milk}",0.0016268429079817,0.842105263157895,3.29570444216391
"237","{butter,whipped/sour cream,domestic eggs} => {whole milk}",0.0016268429079817,0.842105263157895,3.29570444216391
"246","{citrus fruit,root vegetables,newspapers} => {other vegetables}",0.0016268429079817,0.842105263157895,4.35213098431839
"4","{butter,jam} => {whole milk}",0.00101677681748856,0.833333333333333,3.26137418755803
"11","{butter,rice} => {whole milk}",0.00152516522623284,0.833333333333333,3.26137418755803
"34","{tropical fruit,other vegetables,rice} => {whole milk}",0.00101677681748856,0.833333333333333,3.26137418755803
"38","{whole milk,yogurt,rice} => {other vegetables}",0.00152516522623284,0.833333333333333,4.30679628656507
"39","{tropical fruit,pip fruit,frozen fish} => {other vegetables}",0.00101677681748856,0.833333333333333,4.30679628656507
"44","{herbs,other vegetables,domestic eggs} => {whole milk}",0.00101677681748856,0.833333333333333,3.26137418755803
"45","{herbs,other vegetables,fruit/vegetable juice} => {whole milk}",0.00101677681748856,0.833333333333333,3.26137418755803
"47","{citrus fruit,tropical fruit,herbs} => {other vegetables}",0.00101677681748856,0.833333333333333,4.30679628656507
"53","{tropical fruit,herbs,yogurt} => {whole milk}",0.00101677681748856,0.833333333333333,3.26137418755803
"55","{root vegetables,herbs,rolls/buns} => {whole milk}",0.00152516522623284,0.833333333333333,3.26137418755803
"57","{other vegetables,whipped/sour cream,detergent} => {whole milk}",0.00101677681748856,0.833333333333333,3.26137418755803
"61","{root vegetables,rolls/buns,flour} => {other vegetables}",0.00101677681748856,0.833333333333333,4.30679628656507
"64","{root vegetables,soft cheese,domestic eggs} => {other vegetables}",0.00101677681748856,0.833333333333333,4.30679628656507
"65","{root vegetables,soft cheese,domestic eggs} => {whole milk}",0.00101677681748856,0.833333333333333,3.26137418755803
"69","{pork,grapes,whole milk} => {other vegetables}",0.00101677681748856,0.833333333333333,4.30679628656507
"74","{meat,tropical fruit,whole milk} => {other vegetables}",0.00101677681748856,0.833333333333333,4.30679628656507
"94","{root vegetables,rolls/buns,candy} => {other vegetables}",0.00101677681748856,0.833333333333333,4.30679628656507
"95","{ham,whole milk,frozen vegetables} => {other vegetables}",0.00101677681748856,0.833333333333333,4.30679628656507
"98","{frankfurter,yogurt,sliced cheese} => {whole milk}",0.00101677681748856,0.833333333333333,3.26137418755803
"104","{root vegetables,oil,shopping bags} => {whole milk}",0.00101677681748856,0.833333333333333,3.26137418755803
"111","{onions,butter,bottled water} => {whole milk}",0.00101677681748856,0.833333333333333,3.26137418755803
"117","{berries,butter,whipped/sour cream} => {whole milk}",0.00101677681748856,0.833333333333333,3.26137418755803
"122","{hamburger meat,root vegetables,whipped/sour cream} => {whole milk}",0.00101677681748856,0.833333333333333,3.26137418755803
"125","{rolls/buns,margarine,hygiene articles} => {whole milk}",0.00101677681748856,0.833333333333333,3.26137418755803
"127","{citrus fruit,butter,hygiene articles} => {whole milk}",0.00101677681748856,0.833333333333333,3.26137418755803
"132","{tropical fruit,whipped/sour cream,hygiene articles} => {whole milk}",0.00101677681748856,0.833333333333333,3.26137418755803
"138","{other vegetables,salty snack,long life bakery product} => {whole milk}",0.00101677681748856,0.833333333333333,3.26137418755803
"147","{butter,whipped/sour cream,sugar} => {other vegetables}",0.00101677681748856,0.833333333333333,4.30679628656507
"148","{butter,whipped/sour cream,sugar} => {whole milk}",0.00101677681748856,0.833333333333333,3.26137418755803
"163","{sausage,whipped/sour cream,long life bakery product} => {whole milk}",0.00101677681748856,0.833333333333333,3.26137418755803
"166","{sausage,dessert,whipped/sour cream} => {other vegetables}",0.00101677681748856,0.833333333333333,4.30679628656507
"170","{pork,yogurt,cream cheese } => {whole milk}",0.00101677681748856,0.833333333333333,3.26137418755803
"171","{frankfurter,yogurt,cream cheese } => {whole milk}",0.00101677681748856,0.833333333333333,3.26137418755803
"172","{whipped/sour cream,cream cheese ,margarine} => {yogurt}",0.00101677681748856,0.833333333333333,5.97363945578231
"187","{chicken,root vegetables,pastry} => {other vegetables}",0.00101677681748856,0.833333333333333,4.30679628656507
"190","{root vegetables,butter,white bread} => {other vegetables}",0.00101677681748856,0.833333333333333,4.30679628656507
"196","{sausage,domestic eggs,chocolate} => {whole milk}",0.00101677681748856,0.833333333333333,3.26137418755803
"197","{yogurt,coffee,bottled beer} => {whole milk}",0.00101677681748856,0.833333333333333,3.26137418755803
"204","{beef,butter,curd} => {whole milk}",0.00101677681748856,0.833333333333333,3.26137418755803
"205","{beef,tropical fruit,butter} => {yogurt}",0.00101677681748856,0.833333333333333,5.97363945578231
"209","{butter,curd,domestic eggs} => {other vegetables}",0.00101677681748856,0.833333333333333,4.30679628656507
"224","{pork,tropical fruit,fruit/vegetable juice} => {yogurt}",0.00101677681748856,0.833333333333333,5.97363945578231
"227","{root vegetables,domestic eggs,brown bread} => {whole milk}",0.00152516522623284,0.833333333333333,3.26137418755803
"229","{sausage,whipped/sour cream,brown bread} => {other vegetables}",0.00101677681748856,0.833333333333333,4.30679628656507
"235","{whipped/sour cream,margarine,bottled water} => {whole milk}",0.00101677681748856,0.833333333333333,3.26137418755803
"263","{root vegetables,herbs,other vegetables,rolls/buns} => {whole milk}",0.00101677681748856,0.833333333333333,3.26137418755803
"266","{root vegetables,whole milk,whipped/sour cream,hard cheese} => {other vegetables}",0.00101677681748856,0.833333333333333,4.30679628656507
"268","{root vegetables,other vegetables,butter milk,yogurt} => {whole milk}",0.00101677681748856,0.833333333333333,3.26137418755803
"270","{ham,pip fruit,other vegetables,yogurt} => {tropical fruit}",0.00101677681748856,0.833333333333333,7.94169896640827
"274","{tropical fruit,root vegetables,yogurt,sliced cheese} => {whole milk}",0.00101677681748856,0.833333333333333,3.26137418755803
"282","{tropical fruit,root vegetables,onions,whole milk} => {other vegetables}",0.00101677681748856,0.833333333333333,4.30679628656507
"299","{whole milk,butter,yogurt,white bread} => {other vegetables}",0.00101677681748856,0.833333333333333,4.30679628656507
"301","{pip fruit,root vegetables,yogurt,white bread} => {whole milk}",0.00101677681748856,0.833333333333333,3.26137418755803
"302","{citrus fruit,other vegetables,frozen vegetables,fruit/vegetable juice} => {whole milk}",0.00101677681748856,0.833333333333333,3.26137418755803
"307","{root vegetables,other vegetables,frozen vegetables,bottled water} => {whole milk}",0.00101677681748856,0.833333333333333,3.26137418755803
"308","{root vegetables,whole milk,frozen vegetables,bottled water} => {other vegetables}",0.00101677681748856,0.833333333333333,4.30679628656507
"311","{beef,citrus fruit,tropical fruit,root vegetables} => {other vegetables}",0.00101677681748856,0.833333333333333,4.30679628656507
"312","{beef,citrus fruit,tropical fruit,other vegetables} => {root vegetables}",0.00101677681748856,0.833333333333333,7.64536691542289
"316","{tropical fruit,other vegetables,butter,curd} => {yogurt}",0.00101677681748856,0.833333333333333,5.97363945578231
"321","{pip fruit,other vegetables,curd,whipped/sour cream} => {whole milk}",0.00101677681748856,0.833333333333333,3.26137418755803
"328","{frankfurter,pip fruit,root vegetables,other vegetables} => {whole milk}",0.00101677681748856,0.833333333333333,3.26137418755803
"329","{frankfurter,pip fruit,root vegetables,whole milk} => {other vegetables}",0.00101677681748856,0.833333333333333,4.30679628656507
"338","{tropical fruit,root vegetables,whole milk,margarine} => {yogurt}",0.00101677681748856,0.833333333333333,5.97363945578231
"355","{citrus fruit,root vegetables,whole milk,newspapers} => {other vegetables}",0.00101677681748856,0.833333333333333,4.30679628656507
"367","{tropical fruit,root vegetables,yogurt,domestic eggs} => {whole milk}",0.00152516522623284,0.833333333333333,3.26137418755803
"376","{root vegetables,other vegetables,yogurt,fruit/vegetable juice} => {whole milk}",0.00203355363497712,0.833333333333333,3.26137418755803
"404","{tropical fruit,whole milk,butter,yogurt,domestic eggs} => {other vegetables}",0.00101677681748856,0.833333333333333,4.30679628656507
"406","{citrus fruit,root vegetables,other vegetables,yogurt,whipped/sour cream} => {whole milk}",0.00101677681748856,0.833333333333333,3.26137418755803
"14","{yogurt,rice} => {other vegetables}",0.00193187595322827,0.826086956521739,4.2693458840732
"18","{herbs,shopping bags} => {other vegetables}",0.00193187595322827,0.826086956521739,4.2693458840732
"72","{tropical fruit,grapes,yogurt} => {other vegetables}",0.00142348754448399,0.823529411764706,4.25612809495842
"86","{tropical fruit,yogurt,hard cheese} => {whole milk}",0.00142348754448399,0.823529411764706,3.22300507946911
"115","{citrus fruit,root vegetables,onions} => {other vegetables}",0.00142348754448399,0.823529411764706,4.25612809495842
"130","{root vegetables,butter,hygiene articles} => {whole milk}",0.00142348754448399,0.823529411764706,3.22300507946911
"213","{other vegetables,curd,domestic eggs} => {whole milk}",0.00284697508896797,0.823529411764706,3.22300507946911
"216","{butter,whipped/sour cream,napkins} => {whole milk}",0.00142348754448399,0.823529411764706,3.22300507946911
"222","{pork,butter,yogurt} => {whole milk}",0.00142348754448399,0.823529411764706,3.22300507946911
"249","{sausage,pip fruit,domestic eggs} => {whole milk}",0.00142348754448399,0.823529411764706,3.22300507946911
"313","{beef,tropical fruit,root vegetables,rolls/buns} => {whole milk}",0.00142348754448399,0.823529411764706,3.22300507946911
"331","{frankfurter,tropical fruit,other vegetables,yogurt} => {whole milk}",0.00142348754448399,0.823529411764706,3.22300507946911
"374","{citrus fruit,whole milk,yogurt,fruit/vegetable juice} => {other vegetables}",0.00142348754448399,0.823529411764706,4.25612809495842
"409","{citrus fruit,tropical fruit,root vegetables,other vegetables,yogurt} => {whole milk}",0.00142348754448399,0.823529411764706,3.22300507946911
"19","{tropical fruit,herbs} => {whole milk}",0.00233858668022369,0.821428571428571,3.21478312773577
"394","{citrus fruit,root vegetables,other vegetables,yogurt} => {whole milk}",0.00233858668022369,0.821428571428571,3.21478312773577
"37","{root vegetables,other vegetables,rice} => {whole milk}",0.00183019827147941,0.818181818181818,3.20207647505698
"214","{pip fruit,curd,whipped/sour cream} => {whole milk}",0.00183019827147941,0.818181818181818,3.20207647505698
"398","{tropical fruit,root vegetables,yogurt,rolls/buns} => {whole milk}",0.00223690899847483,0.814814814814815,3.1888992056123
"6","{napkins,house keeping products} => {whole milk}",0.00132180986273513,0.8125,3.17983983286908
"25","{onions,butter milk} => {other vegetables}",0.00132180986273513,0.8125,4.19912637940095
"30","{other vegetables,yogurt,specialty cheese} => {whole milk}",0.00132180986273513,0.8125,3.17983983286908
"49","{citrus fruit,root vegetables,herbs} => {other vegetables}",0.00132180986273513,0.8125,4.19912637940095
"50","{citrus fruit,root vegetables,herbs} => {whole milk}",0.00132180986273513,0.8125,3.17983983286908
"54","{tropical fruit,herbs,other vegetables} => {whole milk}",0.00132180986273513,0.8125,3.17983983286908
"56","{tropical fruit,yogurt,semi-finished bread} => {other vegetables}",0.00132180986273513,0.8125,4.19912637940095
"83","{butter,yogurt,hard cheese} => {whole milk}",0.00132180986273513,0.8125,3.17983983286908
"85","{root vegetables,whipped/sour cream,hard cheese} => {other vegetables}",0.00132180986273513,0.8125,4.19912637940095
"87","{dessert,butter milk,yogurt} => {whole milk}",0.00132180986273513,0.8125,3.17983983286908
"114","{onions,butter,yogurt} => {whole milk}",0.00132180986273513,0.8125,3.17983983286908
"134","{sausage,pip fruit,hygiene articles} => {whole milk}",0.00132180986273513,0.8125,3.17983983286908
"141","{tropical fruit,yogurt,salty snack} => {other vegetables}",0.00132180986273513,0.8125,4.19912637940095
"154","{other vegetables,sugar,bottled water} => {whole milk}",0.00132180986273513,0.8125,3.17983983286908
"179","{yogurt,cream cheese ,domestic eggs} => {whole milk}",0.00132180986273513,0.8125,3.17983983286908
"181","{citrus fruit,whipped/sour cream,cream cheese } => {other vegetables}",0.00132180986273513,0.8125,4.19912637940095
"194","{root vegetables,whipped/sour cream,white bread} => {whole milk}",0.00132180986273513,0.8125,3.17983983286908
"201","{other vegetables,frozen vegetables,napkins} => {whole milk}",0.00132180986273513,0.8125,3.17983983286908
"207","{beef,tropical fruit,whipped/sour cream} => {whole milk}",0.00132180986273513,0.8125,3.17983983286908
"208","{curd,rolls/buns,margarine} => {whole milk}",0.00132180986273513,0.8125,3.17983983286908
"219","{tropical fruit,domestic eggs,napkins} => {whole milk}",0.00132180986273513,0.8125,3.17983983286908
"230","{pip fruit,root vegetables,brown bread} => {other vegetables}",0.00132180986273513,0.8125,4.19912637940095
"243","{pip fruit,butter,bottled water} => {whole milk}",0.00132180986273513,0.8125,3.17983983286908
"250","{tropical fruit,domestic eggs,pastry} => {whole milk}",0.00132180986273513,0.8125,3.17983983286908
"256","{sausage,whipped/sour cream,bottled water} => {other vegetables}",0.00132180986273513,0.8125,4.19912637940095
"304","{root vegetables,other vegetables,whipped/sour cream,frozen vegetables} => {whole milk}",0.00132180986273513,0.8125,3.17983983286908
"372","{citrus fruit,tropical fruit,whole milk,fruit/vegetable juice} => {other vegetables}",0.00132180986273513,0.8125,4.19912637940095
"388","{pip fruit,root vegetables,other vegetables,soda} => {whole milk}",0.00132180986273513,0.8125,3.17983983286908
"3","{yogurt,cereals} => {whole milk}",0.00172852058973055,0.80952380952381,3.16819206791352
"29","{hamburger meat,bottled beer} => {whole milk}",0.00172852058973055,0.80952380952381,3.16819206791352
"156","{whipped/sour cream,rolls/buns,waffles} => {whole milk}",0.00172852058973055,0.80952380952381,3.16819206791352
"164","{yogurt,whipped/sour cream,long life bakery product} => {whole milk}",0.00172852058973055,0.80952380952381,3.16819206791352
"244","{pip fruit,root vegetables,butter} => {whole milk}",0.00172852058973055,0.80952380952381,3.16819206791352
"391","{citrus fruit,tropical fruit,root vegetables,yogurt} => {other vegetables}",0.00172852058973055,0.80952380952381,4.18374496409178
"28","{hamburger meat,curd} => {whole milk}",0.0025419420437214,0.806451612903226,3.15616856860455
"9","{turkey,curd} => {other vegetables}",0.00122013218098627,0.8,4.13452443510247
"17","{herbs,fruit/vegetable juice} => {other vegetables}",0.00122013218098627,0.8,4.13452443510247
"20","{herbs,rolls/buns} => {whole milk}",0.00244026436197255,0.8,3.13091922005571
"27","{onions,waffles} => {other vegetables}",0.00122013218098627,0.8,4.13452443510247
"31","{turkey,tropical fruit,root vegetables} => {other vegetables}",0.00122013218098627,0.8,4.13452443510247
"32","{turkey,root vegetables,whole milk} => {other vegetables}",0.00122013218098627,0.8,4.13452443510247
"63","{butter,yogurt,soft cheese} => {whole milk}",0.00122013218098627,0.8,3.13091922005571
"71","{tropical fruit,grapes,root vegetables} => {other vegetables}",0.00122013218098627,0.8,4.13452443510247
"73","{tropical fruit,grapes,whole milk} => {other vegetables}",0.00203355363497712,0.8,4.13452443510247
"79","{frankfurter,other vegetables,frozen meals} => {whole milk}",0.00122013218098627,0.8,3.13091922005571
"82","{tropical fruit,yogurt,frozen meals} => {whole milk}",0.0016268429079817,0.8,3.13091922005571
"91","{other vegetables,butter milk,pastry} => {yogurt}",0.00122013218098627,0.8,5.73469387755102
"109","{onions,whole milk,napkins} => {other vegetables}",0.00122013218098627,0.8,4.13452443510247
"119","{hamburger meat,other vegetables,curd} => {whole milk}",0.0016268429079817,0.8,3.13091922005571
"120","{hamburger meat,butter,whipped/sour cream} => {whole milk}",0.00122013218098627,0.8,3.13091922005571
"124","{tropical fruit,hygiene articles,napkins} => {whole milk}",0.00122013218098627,0.8,3.13091922005571
"139","{tropical fruit,whipped/sour cream,salty snack} => {other vegetables}",0.00122013218098627,0.8,4.13452443510247
"161","{butter,whipped/sour cream,long life bakery product} => {other vegetables}",0.00122013218098627,0.8,4.13452443510247
"185","{chicken,butter,whipped/sour cream} => {whole milk}",0.00122013218098627,0.8,3.13091922005571
"195","{root vegetables,chocolate,napkins} => {whole milk}",0.00122013218098627,0.8,3.13091922005571
"211","{pip fruit,butter,curd} => {whole milk}",0.00122013218098627,0.8,3.13091922005571
"215","{rolls/buns,bottled beer,napkins} => {whole milk}",0.00122013218098627,0.8,3.13091922005571
"234","{whipped/sour cream,domestic eggs,margarine} => {whole milk}",0.00122013218098627,0.8,3.13091922005571
"245","{citrus fruit,tropical fruit,butter} => {whole milk}",0.0016268429079817,0.8,3.13091922005571
"252","{whipped/sour cream,pastry,fruit/vegetable juice} => {yogurt}",0.00122013218098627,0.8,5.73469387755102
"254","{sausage,pip fruit,whipped/sour cream} => {whole milk}",0.00122013218098627,0.8,3.13091922005571
"293","{tropical fruit,whole milk,yogurt,cream cheese } => {other vegetables}",0.00122013218098627,0.8,4.13452443510247
"294","{chicken,root vegetables,other vegetables,domestic eggs} => {whole milk}",0.00122013218098627,0.8,3.13091922005571
"317","{tropical fruit,butter,curd,yogurt} => {whole milk}",0.00122013218098627,0.8,3.13091922005571
"348","{tropical fruit,butter,yogurt,whipped/sour cream} => {other vegetables}",0.00122013218098627,0.8,4.13452443510247
"349","{tropical fruit,butter,yogurt,whipped/sour cream} => {whole milk}",0.00122013218098627,0.8,3.13091922005571
"352","{other vegetables,butter,whipped/sour cream,rolls/buns} => {whole milk}",0.00122013218098627,0.8,3.13091922005571
"359","{pip fruit,whole milk,whipped/sour cream,domestic eggs} => {other vegetables}",0.00122013218098627,0.8,4.13452443510247
"377","{root vegetables,whole milk,yogurt,fruit/vegetable juice} => {other vegetables}",0.00203355363497712,0.8,4.13452443510247
"378","{tropical fruit,pip fruit,whole milk,whipped/sour cream} => {other vegetables}",0.0016268429079817,0.8,4.13452443510247
"381","{sausage,citrus fruit,other vegetables,whipped/sour cream} => {whole milk}",0.00122013218098627,0.8,3.13091922005571
"382","{sausage,citrus fruit,whole milk,whipped/sour cream} => {other vegetables}",0.00122013218098627,0.8,4.13452443510247
"384","{citrus fruit,tropical fruit,yogurt,whipped/sour cream} => {whole milk}",0.00122013218098627,0.8,3.13091922005571
"385","{tropical fruit,root vegetables,whipped/sour cream,rolls/buns} => {other vegetables}",0.00122013218098627,0.8,4.13452443510247
